﻿<?xml version="1.0" encoding="UTF-8" standalone="yes"?>
<addon id="bikolsrepo" name="bikols repository" version="0.0.2" provider-name="bikols">
	<extension point="xbmc.addon.repository" name="bikols Add-on Repository">
		<info compressed="false">http://raw.github.com/bikols/bikolsrepo/master/addons.xml</info>
		<checksum>http://raw.github.com/bikols/bikolsrepo/master/addons.xml.md5</checksum>
		<datadir zip="true">http://raw.github.com/bikols/bikolsrepo/master/repo/</datadir>
	</extension>
	<extension point="xbmc.addon.metadata">
		<summary>bikols Addon</summary>
		<description>Addon Description</description>
		<disclaimer></disclaimer>
		<platform>all</platform>
	</extension>
</addon>